first_name,last_name
John,Smith
Maria,Garcia
David,Johnson
Sarah,Davis
Michael,Brown
Jennifer,Wilson
Carlos,Martinez
Lisa,Anderson
James,Taylor
Anna,Rodriguez
Robert,Thomas
Ashley,Jackson
Kevin,White
Michelle,Harris
Daniel,Martin
Jessica,Thompson
Christopher,Lee
Amanda,Clark
Matthew,Lewis
Emily,Walker
Anthony,Hall
Stephanie,Allen
Joshua,Young
Nicole,King
Andrew,Wright
Elizabeth,Lopez
Ryan,Hill
Megan,Scott
Brandon,Green
Rachel,Adams
Jonathan,Baker
Samantha,Gonzalez
Tyler,Nelson
Lauren,Carter
Justin,Mitchell
Kayla,Perez
Nicholas,Roberts
Brittany,Turner
Zachary,Phillips
Danielle,Campbell
Aaron,Parker
Heather,Evans
Jeremy,Edwards
Amy,Collins
Adam,Stewart
Christina,Sanchez
Nathan,Morris
Melissa,Rogers
Sean,Reed
Kimberly,Cook
Eric,Morgan
Crystal,Bell
Jose,Murphy
Vanessa,Bailey
Brian,Rivera
Jacqueline,Cooper
Steven,Richardson
Tiffany,Cox
Kenneth,Howard
Monica,Ward
Douglas,Torres
Andrea,Peterson
